{
    "parent": "block/cube",
    "display": {
        "gui": {
            "rotation": [ 30, 135, 0 ],
            "translation": [ 0, 0, 0],
            "scale":[ 0.625, 0.625, 0.625 ]
        },
        "firstperson_righthand": {
            "rotation": [ 0, 225, 0 ],
            "translation": [ 0, 0, 0 ],
            "scale": [ 0.40, 0.40, 0.40 ]
        }
    },
    "textures": {
        "particle": "#front",
        "down": "#bottom",
        "up": "#top",
        "north": "#front",
        "east": "#side",
        "south": "#side",
        "west": "#side"
    }
}
