{
	"credit": "Made with Blockbench",
	"ambientocclusion": false,
	"textures": {
		"particle": "#fire"
	},
	"elements": [
		{
			"from": [0, 16, 0],
			"to": [16, 16, 16],
			"shade": false,
			"light_emission": 15,
			"rotation": {"angle": 22.5, "axis": "z", "origin": [16, 16, 8], "rescale": true},
			"faces": {
				"down": {"uv": [0, 0, 16, 16], "rotation": 270, "texture": "#fire"}
			}
		},
		{
			"from": [0, 16, 0],
			"to": [16, 16, 16],
			"shade": false,
			"light_emission": 15,
			"rotation": {"angle": -22.5, "axis": "z", "origin": [0, 16, 8], "rescale": true},
			"faces": {
				"down": {"uv": [0, 0, 16, 16], "rotation": 90, "texture": "#fire"}
			}
		}
	]
}