{
	"credit": "Made with Blockbench",
	"ambientocclusion": false,
	"elements": [
		{
			"name": "body",
			"from": [7, 0, 8],
			"to": [9, 6, 8],
			"shade": false,
			"rotation": {"angle": 45, "axis": "y", "origin": [8, 0, 8], "rescale": true},
			"faces": {
				"north": {"uv": [2, 8, 0, 14], "texture": "#all"},
				"south": {"uv": [2, 8, 0, 14], "texture": "#all"}
			}
		},
		{
			"name": "wick",
			"from": [7.5, 6, 8],
			"to": [8.5, 7, 8],
			"shade": false,
			"rotation": {"angle": 45, "axis": "y", "origin": [8, 0, 8], "rescale": true},
			"faces": {
				"north": {"uv": [1, 5, 0, 6], "texture": "#all"},
				"south": {"uv": [0, 5, 1, 6], "texture": "#all"}
			}
		},
		{
			"name": "body",
			"from": [7, 0, 8],
			"to": [9, 6, 8],
			"shade": false,
			"rotation": {"angle": -45, "axis": "y", "origin": [8, 0, 8], "rescale": true},
			"faces": {
				"north": {"uv": [2, 8, 0, 14], "texture": "#all"},
				"south": {"uv": [2, 8, 0, 14], "texture": "#all"}
			}
		},
		{
			"name": "wick",
			"from": [7.5, 6, 8],
			"to": [8.5, 7, 8],
			"shade": false,
			"rotation": {"angle": -45, "axis": "y", "origin": [8, 0, 8], "rescale": true},
			"faces": {
				"north": {"uv": [1, 5, 0, 6], "texture": "#all"},
				"south": {"uv": [0, 5, 1, 6], "texture": "#all"}
			}
		}
	]
}