{
	"credit": "Made with Blockbench",
	"ambientocclusion": false,
	"elements": [
		{
			"name": "body",
			"from": [9, 0, 6],
			"to": [11, 6, 6],
			"shade": false,
			"rotation": {"angle": 45, "axis": "y", "origin": [10, 0, 6], "rescale": true},
			"faces": {
				"north": {"uv": [2, 8, 0, 14], "texture": "#all"},
				"east": {"uv": [0, 0, 0, 0], "texture": "#all"},
				"south": {"uv": [2, 8, 0, 14], "texture": "#all"},
				"west": {"uv": [0, 0, 0, 0], "texture": "#all"},
				"up": {"uv": [0, 0, 0, 0], "texture": "#all"},
				"down": {"uv": [0, 0, 0, 0], "texture": "#all"}
			}
		},
		{
			"name": "body",
			"from": [5, 0, 8],
			"to": [7, 6, 8],
			"shade": false,
			"rotation": {"angle": -45, "axis": "y", "origin": [6, 0, 8], "rescale": true},
			"faces": {
				"north": {"uv": [2, 8, 0, 14], "texture": "#all"},
				"east": {"uv": [0, 0, 0, 0], "texture": "#all"},
				"south": {"uv": [2, 8, 0, 14], "texture": "#all"},
				"west": {"uv": [0, 0, 0, 0], "texture": "#all"},
				"up": {"uv": [0, 0, 0, 0], "texture": "#all"},
				"down": {"uv": [0, 0, 0, 0], "texture": "#all"}
			}
		},
		{
			"name": "wick",
			"from": [5.5, 6, 8],
			"to": [6.5, 7, 8],
			"shade": false,
			"rotation": {"angle": -45, "axis": "y", "origin": [6, 0, 8], "rescale": true},
			"faces": {
				"north": {"uv": [1, 5, 0, 6], "texture": "#all"},
				"east": {"uv": [0, 0, 0, 0], "texture": "#all"},
				"south": {"uv": [0, 5, 1, 6], "texture": "#all"},
				"west": {"uv": [0, 0, 0, 0], "texture": "#all"},
				"up": {"uv": [0, 0, 0, 0], "texture": "#all"},
				"down": {"uv": [0, 0, 0, 0], "texture": "#all"}
			}
		},
		{
			"name": "wick",
			"from": [5.5, 6, 8],
			"to": [6.5, 7, 8],
			"shade": false,
			"rotation": {"angle": 45, "axis": "y", "origin": [6, 0, 8], "rescale": true},
			"faces": {
				"north": {"uv": [1, 5, 0, 6], "texture": "#all"},
				"east": {"uv": [0, 0, 0, 0], "texture": "#all"},
				"south": {"uv": [0, 5, 1, 6], "texture": "#all"},
				"west": {"uv": [0, 0, 0, 0], "texture": "#all"},
				"up": {"uv": [0, 0, 0, 0], "texture": "#all"},
				"down": {"uv": [0, 0, 0, 0], "texture": "#all"}
			}
		},
		{
			"name": "body",
			"from": [5, 0, 8],
			"to": [7, 6, 8],
			"shade": false,
			"rotation": {"angle": 45, "axis": "y", "origin": [6, 0, 8], "rescale": true},
			"faces": {
				"north": {"uv": [2, 8, 0, 14], "texture": "#all"},
				"east": {"uv": [0, 0, 0, 0], "texture": "#all"},
				"south": {"uv": [2, 8, 0, 14], "texture": "#all"},
				"west": {"uv": [0, 0, 0, 0], "texture": "#all"},
				"up": {"uv": [0, 0, 0, 0], "texture": "#all"},
				"down": {"uv": [0, 0, 0, 0], "texture": "#all"}
			}
		},
		{
			"name": "wick",
			"from": [9.5, 6, 6],
			"to": [10.5, 7, 6],
			"shade": false,
			"rotation": {"angle": 45, "axis": "y", "origin": [10, 0, 6], "rescale": true},
			"faces": {
				"north": {"uv": [1, 5, 0, 6], "texture": "#all"},
				"east": {"uv": [0, 0, 0, 0], "texture": "#all"},
				"south": {"uv": [0, 5, 1, 6], "texture": "#all"},
				"west": {"uv": [0, 0, 0, 0], "texture": "#all"},
				"up": {"uv": [0, 0, 0, 0], "texture": "#all"},
				"down": {"uv": [0, 0, 0, 0], "texture": "#all"}
			}
		},
		{
			"name": "wick",
			"from": [9.5, 6, 6],
			"to": [10.5, 7, 6],
			"shade": false,
			"rotation": {"angle": -45, "axis": "y", "origin": [10, 0, 6], "rescale": true},
			"faces": {
				"north": {"uv": [1, 5, 0, 6], "texture": "#all"},
				"east": {"uv": [0, 0, 0, 0], "texture": "#all"},
				"south": {"uv": [0, 5, 1, 6], "texture": "#all"},
				"west": {"uv": [0, 0, 0, 0], "texture": "#all"},
				"up": {"uv": [0, 0, 0, 0], "texture": "#all"},
				"down": {"uv": [0, 0, 0, 0], "texture": "#all"}
			}
		},
		{
			"name": "body",
			"from": [9, 0, 6],
			"to": [11, 6, 6],
			"shade": false,
			"rotation": {"angle": -45, "axis": "y", "origin": [10, 0, 6], "rescale": true},
			"faces": {
				"north": {"uv": [2, 8, 0, 14], "texture": "#all"},
				"east": {"uv": [0, 0, 0, 0], "texture": "#all"},
				"south": {"uv": [2, 8, 0, 14], "texture": "#all"},
				"west": {"uv": [0, 0, 0, 0], "texture": "#all"},
				"up": {"uv": [0, 0, 0, 0], "texture": "#all"},
				"down": {"uv": [0, 0, 0, 0], "texture": "#all"}
			}
		}
	]
}