{
	"credit": "Made with Blockbench",
	"ambientocclusion": false,
	"textures": {
		"particle": "#pane"
	},
	"elements": [
		{
			"from": [7, 0, 0],
			"to": [9, 16, 0],
			"shade": false,
			"faces": {
				"north": {"uv": [7, 0, 9, 16], "texture": "#edge", "cullface": "north"},
				"south": {"uv": [7, 0, 9, 16], "texture": "#edge", "cullface": "north"},
				"up": {"uv": [7, 0, 9, 7], "texture": "#edge"},
				"down": {"uv": [7, 0, 9, 7], "texture": "#edge"}
			}
		},
		{
			"from": [7, 16.1, 0],
			"to": [9, 16.1, 8],
			"shade": false,
			"faces": {
				"up": {"uv": [7, 0, 9, 8], "texture": "#edge", "cullface": "up"},
				"down": {"uv": [7, 0, 9, 8], "texture": "#edge", "cullface": "up"}
			}
		},
		{
			"from": [7, -0.1, 0],
			"to": [9, -0.1, 8],
			"shade": false,
			"rotation": {"angle": 0, "axis": "y", "origin": [0, -0.1, 0]},
			"faces": {
				"up": {"uv": [7, 0, 9, 8], "texture": "#edge", "cullface": "down"},
				"down": {"uv": [7, 0, 9, 8], "texture": "#edge", "cullface": "down"}
			}
		},
		{
			"from": [8, 0, 0],
			"to": [8, 16, 8],
			"shade": false,
			"faces": {
				"east": {"uv": [8, 0, 16, 16], "texture": "#pane"},
				"west": {"uv": [0, 0, 8, 16], "texture": "#pane"}
			}
		}
	]
}