{   "parent": "block/thin_block",
    "textures": {
        "particle": "#texture"
    },
    "display": {
        "gui": {
            "rotation": [ 30, 45, 0 ],
            "translation": [ 0, 4, 0],
            "scale":[ 0.625, 0.625, 0.625 ]
        },
        "ground": {
            "rotation": [ 0, 0, 0 ],
            "translation": [ 0, 3, 0],
            "scale":[ 0.5, 0.5, 0.5 ]
        }
    },
    "elements": [
        {   "from": [ 0, 0, 0 ],
            "to": [ 16, 3, 16 ],
            "faces": {
                "down":  { "uv": [ 0,  0, 16, 16 ], "texture": "#texture", "cullface": "down" },
                "up":    { "uv": [ 0,  0, 16, 16 ], "texture": "#texture" },
                "north": { "uv": [ 0, 16, 16, 13 ], "texture": "#texture", "cullface": "north" },
                "south": { "uv": [ 0, 16, 16, 13 ], "texture": "#texture", "cullface": "south" },
                "west":  { "uv": [ 0, 16, 16, 13 ], "texture": "#texture", "cullface": "west" },
                "east":  { "uv": [ 0, 16, 16, 13 ], "texture": "#texture", "cullface": "east" }
            }
        }
    ]
}
