{
	"credit": "Made with Blockbench",
	"parent": "block/block",
	"textures": {
		"0": "block/cauldron_bottom",
		"1": "block/cauldron_inner",
		"2": "block/cauldron_side",
		"3": "block/cauldron_top",
		"4": "block/water_still_notint",
		"particle": "block/cauldron_side"
	},
	"elements": [
		{
			"from": [0, 4, 0],
			"to": [2, 16, 14],
			"rotation": {"angle": 0, "axis": "y", "origin": [8, 10, 8]},
			"faces": {
				"north": {"uv": [14, 0, 16, 12], "texture": "#2", "cullface": "north"},
				"east": {"uv": [0, 0, 14, 12], "texture": "#2"},
				"west": {"uv": [0, 0, 14, 12], "texture": "#2", "cullface": "west"},
				"up": {"uv": [0, 0, 2, 14], "texture": "#3", "cullface": "up"}
			}
		},
		{
			"from": [2, 4, 0],
			"to": [16, 16, 2],
			"rotation": {"angle": 0, "axis": "y", "origin": [8, 10, 8]},
			"faces": {
				"north": {"uv": [0, 0, 14, 12], "texture": "#2", "cullface": "north"},
				"east": {"uv": [14, 0, 16, 12], "texture": "#2", "cullface": "east"},
				"south": {"uv": [0, 0, 14, 12], "texture": "#2"},
				"up": {"uv": [3, 0, 16, 2], "texture": "#3", "cullface": "up"}
			}
		},
		{
			"from": [14, 4, 2],
			"to": [16, 16, 16],
			"rotation": {"angle": 0, "axis": "y", "origin": [8, 10, 8]},
			"faces": {
				"east": {"uv": [0, 0, 14, 12], "texture": "#2", "cullface": "east"},
				"south": {"uv": [14, 0, 16, 12], "texture": "#2", "cullface": "south"},
				"west": {"uv": [0, 0, 14, 12], "texture": "#2"},
				"up": {"uv": [14, 2, 16, 16], "texture": "#3", "cullface": "up"}
			}
		},
		{
			"from": [0, 4, 14],
			"to": [14, 16, 16],
			"rotation": {"angle": 0, "axis": "y", "origin": [8, 10, 8]},
			"faces": {
				"north": {"uv": [0, 0, 14, 12], "texture": "#2"},
				"south": {"uv": [0, 0, 14, 12], "texture": "#2", "cullface": "south"},
				"west": {"uv": [14, 0, 16, 12], "texture": "#2", "cullface": "west"},
				"up": {"uv": [0, 14, 14, 16], "texture": "#3", "cullface": "up"}
			}
		},
		{
			"from": [0, 0, 14],
			"to": [0, 4, 16],
			"faces": {
				"west": {"uv": [14, 12, 16, 16], "texture": "#2", "cullface": "west"}
			}
		},
		{
			"from": [0, 0, 0],
			"to": [2, 4, 0],
			"faces": {
				"north": {"uv": [14, 12, 16, 16], "texture": "#2", "cullface": "north"}
			}
		},
		{
			"from": [16, 0, 0],
			"to": [16, 4, 2],
			"faces": {
				"east": {"uv": [14, 12, 16, 16], "texture": "#2", "cullface": "east"}
			}
		},
		{
			"from": [14, 0, 16],
			"to": [16, 4, 16],
			"faces": {
				"south": {"uv": [14, 12, 16, 16], "texture": "#2", "cullface": "south"}
			}
		},
		{
			"from": [14, 0, 14],
			"to": [14, 4, 16],
			"shade": false,
			"rotation": {"angle": 0, "axis": "y", "origin": [22, 8, 8]},
			"faces": {
				"west": {"uv": [14, 12, 16, 16], "texture": "#2"}
			}
		},
		{
			"from": [2, 0, 14],
			"to": [2, 4, 16],
			"shade": false,
			"rotation": {"angle": 0, "axis": "y", "origin": [10, 8, 8]},
			"faces": {
				"east": {"uv": [0, 12, 2, 16], "texture": "#2"}
			}
		},
		{
			"from": [14, 0, 0],
			"to": [14, 4, 2],
			"shade": false,
			"rotation": {"angle": 0, "axis": "y", "origin": [22, 8, -6]},
			"faces": {
				"west": {"uv": [0, 12, 2, 16], "texture": "#2"}
			}
		},
		{
			"from": [2, 0, 0],
			"to": [2, 4, 2],
			"shade": false,
			"rotation": {"angle": 0, "axis": "y", "origin": [10, 8, -6]},
			"faces": {
				"east": {"uv": [14, 12, 16, 16], "texture": "#2"}
			}
		},
		{
			"from": [0, 0, 16],
			"to": [2, 4, 16],
			"rotation": {"angle": 0, "axis": "y", "origin": [-6, 8, 8]},
			"faces": {
				"south": {"uv": [0, 12, 2, 16], "texture": "#2", "cullface": "south"}
			}
		},
		{
			"from": [0, 0, 0],
			"to": [0, 4, 2],
			"rotation": {"angle": 0, "axis": "y", "origin": [8, 8, -6]},
			"faces": {
				"west": {"uv": [0, 12, 2, 16], "texture": "#2", "cullface": "west"}
			}
		},
		{
			"from": [14, 0, 0],
			"to": [16, 4, 0],
			"rotation": {"angle": 0, "axis": "y", "origin": [22, 8, 8]},
			"faces": {
				"north": {"uv": [0, 12, 2, 16], "texture": "#2", "cullface": "north"}
			}
		},
		{
			"from": [16, 0, 14],
			"to": [16, 4, 16],
			"rotation": {"angle": 0, "axis": "y", "origin": [8, 8, 22]},
			"faces": {
				"east": {"uv": [0, 12, 2, 16], "texture": "#2", "cullface": "east"}
			}
		},
		{
			"from": [0, 0, 2],
			"to": [2, 4, 2],
			"shade": false,
			"rotation": {"angle": 0, "axis": "y", "origin": [-6, 8, -6]},
			"faces": {
				"south": {"uv": [0, 12, 2, 16], "texture": "#2"}
			}
		},
		{
			"from": [14, 0, 2],
			"to": [16, 4, 2],
			"shade": false,
			"rotation": {"angle": 0, "axis": "y", "origin": [8, 8, -6]},
			"faces": {
				"south": {"uv": [14, 12, 16, 16], "texture": "#2"}
			}
		},
		{
			"from": [14, 0, 14],
			"to": [16, 4, 14],
			"shade": false,
			"rotation": {"angle": 0, "axis": "y", "origin": [8, 8, 6]},
			"faces": {
				"north": {"uv": [0, 12, 2, 16], "texture": "#2"}
			}
		},
		{
			"from": [0, 0, 14],
			"to": [2, 4, 14],
			"shade": false,
			"rotation": {"angle": 0, "axis": "y", "origin": [-6, 8, 6]},
			"faces": {
				"north": {"uv": [14, 12, 16, 16], "texture": "#2"}
			}
		},
		{
			"from": [0, 0, 12],
			"to": [0, 4, 14],
			"rotation": {"angle": 0, "axis": "y", "origin": [8, 8, 6]},
			"faces": {
				"west": {"uv": [12, 12, 14, 16], "texture": "#2", "cullface": "west"}
			}
		},
		{
			"from": [14, 0, 12],
			"to": [14, 4, 14],
			"shade": false,
			"rotation": {"angle": 0, "axis": "y", "origin": [22, 8, 6]},
			"faces": {
				"west": {"uv": [12, 12, 14, 16], "texture": "#2"}
			}
		},
		{
			"from": [2, 0, 12],
			"to": [2, 4, 14],
			"shade": false,
			"rotation": {"angle": 0, "axis": "y", "origin": [10, 8, 6]},
			"faces": {
				"east": {"uv": [12, 12, 14, 16], "texture": "#2"}
			}
		},
		{
			"from": [0, 0, 2],
			"to": [0, 4, 4],
			"rotation": {"angle": 0, "axis": "y", "origin": [8, 8, -4]},
			"faces": {
				"west": {"uv": [2, 12, 4, 16], "texture": "#2", "cullface": "west"}
			}
		},
		{
			"from": [14, 0, 2],
			"to": [14, 4, 4],
			"shade": false,
			"rotation": {"angle": 0, "axis": "y", "origin": [22, 8, -4]},
			"faces": {
				"west": {"uv": [2, 12, 4, 16], "texture": "#2"}
			}
		},
		{
			"from": [2, 0, 2],
			"to": [2, 4, 4],
			"shade": false,
			"rotation": {"angle": 0, "axis": "y", "origin": [10, 8, -4]},
			"faces": {
				"east": {"uv": [2, 12, 4, 16], "texture": "#2"}
			}
		},
		{
			"from": [2, 0, 0],
			"to": [4, 4, 0],
			"rotation": {"angle": 0, "axis": "y", "origin": [10, 8, -6]},
			"faces": {
				"north": {"uv": [12, 12, 14, 16], "texture": "#2", "cullface": "north"}
			}
		},
		{
			"from": [2, 0, 14],
			"to": [4, 4, 14],
			"shade": false,
			"rotation": {"angle": 0, "axis": "y", "origin": [10, 8, 8]},
			"faces": {
				"north": {"uv": [12, 12, 14, 16], "texture": "#2"}
			}
		},
		{
			"from": [12, 0, 0],
			"to": [14, 4, 0],
			"rotation": {"angle": 0, "axis": "y", "origin": [20, 8, -6]},
			"faces": {
				"north": {"uv": [2, 12, 4, 16], "texture": "#2", "cullface": "north"}
			}
		},
		{
			"from": [12, 0, 14],
			"to": [14, 4, 14],
			"shade": false,
			"rotation": {"angle": 0, "axis": "y", "origin": [20, 8, 8]},
			"faces": {
				"north": {"uv": [2, 12, 4, 16], "texture": "#2"}
			}
		},
		{
			"from": [16, 0, 2],
			"to": [16, 4, 4],
			"rotation": {"angle": 0, "axis": "y", "origin": [22, 8, -4]},
			"faces": {
				"east": {"uv": [12, 12, 14, 16], "texture": "#2", "cullface": "east"}
			}
		},
		{
			"from": [16, 0, 12],
			"to": [16, 4, 14],
			"rotation": {"angle": 0, "axis": "y", "origin": [22, 8, 6]},
			"faces": {
				"east": {"uv": [2, 12, 4, 16], "texture": "#2", "cullface": "east"}
			}
		},
		{
			"from": [12, 0, 16],
			"to": [14, 4, 16],
			"rotation": {"angle": 0, "axis": "y", "origin": [20, 8, 8]},
			"faces": {
				"south": {"uv": [12, 12, 14, 16], "texture": "#2", "cullface": "south"}
			}
		},
		{
			"from": [12, 0, 2],
			"to": [14, 4, 2],
			"shade": false,
			"rotation": {"angle": 0, "axis": "y", "origin": [20, 8, -6]},
			"faces": {
				"south": {"uv": [12, 12, 14, 16], "texture": "#2"}
			}
		},
		{
			"from": [2, 0, 16],
			"to": [4, 4, 16],
			"rotation": {"angle": 0, "axis": "y", "origin": [10, 8, 8]},
			"faces": {
				"south": {"uv": [2, 12, 4, 16], "texture": "#2", "cullface": "south"}
			}
		},
		{
			"from": [2, 0, 2],
			"to": [4, 4, 2],
			"shade": false,
			"rotation": {"angle": 0, "axis": "y", "origin": [10, 8, -6]},
			"faces": {
				"south": {"uv": [2, 12, 4, 16], "texture": "#2"}
			}
		},
		{
			"from": [0, 4, 0],
			"to": [16, 4, 16],
			"shade": false,
			"rotation": {"angle": 0, "axis": "y", "origin": [8, 11, 8]},
			"faces": {
				"up": {"uv": [0, 0, 16, 16], "texture": "#1"},
				"down": {"uv": [0, 0, 16, 16], "texture": "#1"}
			}
		},
		{
			"from": [4, 3, 16],
			"to": [12, 4, 16],
			"rotation": {"angle": 0, "axis": "y", "origin": [4, 11, 22]},
			"faces": {
				"south": {"uv": [4, 12, 12, 13], "texture": "#2", "cullface": "south"}
			}
		},
		{
			"from": [4, 3, 2],
			"to": [12, 4, 2],
			"shade": false,
			"rotation": {"angle": 0, "axis": "y", "origin": [4, 11, 8]},
			"faces": {
				"south": {"uv": [4, 12, 12, 13], "texture": "#2"}
			}
		},
		{
			"from": [14, 3, 4],
			"to": [14, 4, 12],
			"shade": false,
			"rotation": {"angle": 0, "axis": "y", "origin": [8, 11, 4]},
			"faces": {
				"west": {"uv": [4, 12, 12, 13], "texture": "#2"}
			}
		},
		{
			"from": [0, 3, 4],
			"to": [0, 4, 12],
			"rotation": {"angle": 0, "axis": "y", "origin": [-6, 11, 4]},
			"faces": {
				"west": {"uv": [4, 12, 12, 13], "texture": "#2", "cullface": "west"}
			}
		},
		{
			"from": [4, 3, 14],
			"to": [12, 4, 14],
			"shade": false,
			"rotation": {"angle": 0, "axis": "y", "origin": [4, 11, 20]},
			"faces": {
				"north": {"uv": [4, 12, 12, 13], "texture": "#2"}
			}
		},
		{
			"from": [4, 3, 0],
			"to": [12, 4, 0],
			"rotation": {"angle": 0, "axis": "y", "origin": [4, 11, 6]},
			"faces": {
				"north": {"uv": [4, 12, 12, 13], "texture": "#2", "cullface": "north"}
			}
		},
		{
			"from": [16, 3, 4],
			"to": [16, 4, 12],
			"rotation": {"angle": 0, "axis": "y", "origin": [10, 11, 4]},
			"faces": {
				"east": {"uv": [4, 12, 12, 13], "texture": "#2", "cullface": "east"}
			}
		},
		{
			"from": [2, 3, 4],
			"to": [2, 4, 12],
			"shade": false,
			"rotation": {"angle": 0, "axis": "y", "origin": [-4, 11, 4]},
			"faces": {
				"east": {"uv": [4, 12, 12, 13], "texture": "#2"}
			}
		},
		{
			"from": [0, 0, 0],
			"to": [4, 0, 2],
			"faces": {
				"down": {"uv": [0, 14, 4, 16], "texture": "#0", "cullface": "down"}
			}
		},
		{
			"from": [14, 0, 0],
			"to": [16, 0, 4],
			"faces": {
				"down": {"uv": [14, 12, 16, 16], "texture": "#0", "cullface": "down"}
			}
		},
		{
			"from": [12, 0, 14],
			"to": [16, 0, 16],
			"faces": {
				"down": {"uv": [12, 0, 16, 2], "texture": "#0", "cullface": "down"}
			}
		},
		{
			"from": [0, 0, 12],
			"to": [2, 0, 16],
			"faces": {
				"down": {"uv": [0, 0, 2, 4], "texture": "#0", "cullface": "down"}
			}
		},
		{
			"from": [0, 0, 2],
			"to": [2, 0, 4],
			"rotation": {"angle": 0, "axis": "y", "origin": [8, 8, 10]},
			"faces": {
				"down": {"uv": [0, 12, 2, 14], "texture": "#0", "cullface": "down"}
			}
		},
		{
			"from": [12, 0, 0],
			"to": [14, 0, 2],
			"rotation": {"angle": 0, "axis": "y", "origin": [6, 8, 8]},
			"faces": {
				"down": {"uv": [12, 14, 14, 16], "texture": "#0", "cullface": "down"}
			}
		},
		{
			"from": [14, 0, 12],
			"to": [16, 0, 14],
			"rotation": {"angle": 0, "axis": "y", "origin": [8, 8, 6]},
			"faces": {
				"down": {"uv": [14, 2, 16, 4], "texture": "#0", "cullface": "down"}
			}
		},
		{
			"from": [2, 0, 14],
			"to": [4, 0, 16],
			"rotation": {"angle": 0, "axis": "y", "origin": [10, 8, 8]},
			"faces": {
				"down": {"uv": [2, 0, 4, 2], "texture": "#0", "cullface": "down"}
			}
		},
		{
			"from": [2, 4, 2],
			"to": [14, 15, 14],
			"rotation": {"angle": 0, "axis": "y", "origin": [10, 12, 10]},
			"faces": {
				"up": {"uv": [2, 2, 14, 14], "texture": "#4"}
			}
		}
	]
}