{
  "variants": {
    "facing=east,honey_level=0": {
      "model": "minecraft:block/bee_nest_empty",
      "y": 90,
	  "uvlock": true
    },
    "facing=east,honey_level=1": {
      "model": "minecraft:block/bee_nest_empty",
      "y": 90,
	  "uvlock": true
    },
    "facing=east,honey_level=2": {
      "model": "minecraft:block/bee_nest_empty",
      "y": 90,
	  "uvlock": true
    },
    "facing=east,honey_level=3": {
      "model": "minecraft:block/bee_nest_empty",
      "y": 90,
	  "uvlock": true
    },
    "facing=east,honey_level=4": {
      "model": "minecraft:block/bee_nest_empty",
      "y": 90,
	  "uvlock": true
    },
    "facing=east,honey_level=5": {
      "model": "minecraft:block/bee_nest_honey",
      "y": 90,
	  "uvlock": true
    },
    "facing=north,honey_level=0": {
      "model": "minecraft:block/bee_nest_empty"
    },
    "facing=north,honey_level=1": {
      "model": "minecraft:block/bee_nest_empty"
    },
    "facing=north,honey_level=2": {
      "model": "minecraft:block/bee_nest_empty"
    },
    "facing=north,honey_level=3": {
      "model": "minecraft:block/bee_nest_empty"
    },
    "facing=north,honey_level=4": {
      "model": "minecraft:block/bee_nest_empty"
    },
    "facing=north,honey_level=5": {
      "model": "minecraft:block/bee_nest_honey"
    },
    "facing=south,honey_level=0": {
      "model": "minecraft:block/bee_nest_empty",
      "y": 180,
	  "uvlock": true
    },
    "facing=south,honey_level=1": {
      "model": "minecraft:block/bee_nest_empty",
      "y": 180,
	  "uvlock": true
    },
    "facing=south,honey_level=2": {
      "model": "minecraft:block/bee_nest_empty",
      "y": 180,
	  "uvlock": true
    },
    "facing=south,honey_level=3": {
      "model": "minecraft:block/bee_nest_empty",
      "y": 180,
	  "uvlock": true
    },
    "facing=south,honey_level=4": {
      "model": "minecraft:block/bee_nest_empty",
      "y": 180,
	  "uvlock": true
    },
    "facing=south,honey_level=5": {
      "model": "minecraft:block/bee_nest_honey",
      "y": 180,
	  "uvlock": true
    },
    "facing=west,honey_level=0": {
      "model": "minecraft:block/bee_nest_empty",
      "y": 270,
	  "uvlock": true
    },
    "facing=west,honey_level=1": {
      "model": "minecraft:block/bee_nest_empty",
      "y": 270,
	  "uvlock": true
    },
    "facing=west,honey_level=2": {
      "model": "minecraft:block/bee_nest_empty",
      "y": 270,
	  "uvlock": true
    },
    "facing=west,honey_level=3": {
      "model": "minecraft:block/bee_nest_empty",
      "y": 270,
	  "uvlock": true
    },
    "facing=west,honey_level=4": {
      "model": "minecraft:block/bee_nest_empty",
      "y": 270,
	  "uvlock": true
    },
    "facing=west,honey_level=5": {
      "model": "minecraft:block/bee_nest_honey",
      "y": 270,
	  "uvlock": true
    }
  }
}