{
  "variants": {
    "facing=east,lit=false": {
      "model": "minecraft:block/furnace",
      "uvlock": true,
      "y": 90
    },
    "facing=east,lit=true": {
      "model": "minecraft:block/furnace_on",
      "uvlock": true,
      "y": 90
    },
    "facing=north,lit=false": {
      "model": "minecraft:block/furnace"
    },
    "facing=north,lit=true": {
      "model": "minecraft:block/furnace_on"
    },
    "facing=south,lit=false": {
      "model": "minecraft:block/furnace",
      "uvlock": true,
      "y": 180
    },
    "facing=south,lit=true": {
      "model": "minecraft:block/furnace_on",
      "uvlock": true,
      "y": 180
    },
    "facing=west,lit=false": {
      "model": "minecraft:block/furnace",
      "uvlock": true,
      "y": 270
    },
    "facing=west,lit=true": {
      "model": "minecraft:block/furnace_on",
      "uvlock": true,
      "y": 270
    }
  }
}